user_message,label,model_choice
"describer: hi
matcher: hello
describer: looking for a diamond at the top, triangle pointing towards the left
describer: close to a person praying on their knees
matcher: is there a triangle pointing right as well?
describer: there's a triangle on the right also. just below the diamond and to the right
describer: could also be seen as a mouse in silhouette
matcher: anything happening at the bottom?
describer: like a mountain - we've got 72 of these to get through
matcher: 72? oops.
",B,B
"describer: awesome. this one looks like a seal
",G,H
"describer: this one looks like a small dog balancing a ball on its nose
",K,E
"describer: this looks like one of the spy vs spy guys looking down and walking with a flag on his right shoulder.
",A,B
"describer: nice. this is a diamond on top of what looks like a state - top of state is a straight line
",J,B
"describer: ok, could be a bow or bunny ears in profile on top of a lightning bolt
",E,C
"describer: the other possible diamond/state combo. state looks like indiana
",H,B
"describer: person ice skating with leg out and arms out in front
",I,I
"describer: preacher with hands up in air
describer: air
",C,B
"describer: graduate giving speech at lectern, in profile
matcher: pointing a direction?
describer: the lectern is pointing to the left
",D,B
"describer: looks like shadow of a person on their knees facing right
describer: bottom half makes lightning bolt
",L,B
"describer: same graduate sitting down with knees up and feet on ground. facing left
describer: looking down at feet
",F,B
"describer: first diamond on top of state shape again
describer: straight line on top
",J,J
"describer: graduate sitting and looking down from 2 questions ago
",F,A
"describer: spy vs spy
",A,B
"describer: graduate at lectern
matcher: left?
describer: yes
",D,A
"describer: rabbit ears lightning bolt base looking right
",E,A
"describer: seal with ball - diamond on left strange hook shape on right
",G,H
"describer: mouse from beginning
describer: mountain base
",B,B
"describer: indiana with diamond in top
",H,A
"describer: preacher
",C,A
"describer: dog with ball
",K,B
"describer: shadow person lighting bolt base
",L,B
"describer: ice skater
",I,A
"describer: mouse
describer: repeat mouse mountain base
",B,A
"describer: state with flat top diamond
",J,A
"describer: dog with ball
",K,B
"describer: shadow person lightning bolt base
",L,B
"describer: grad at lectern
",D,B
"describer: spy
",A,B
"describer: sitting grad pointed left
",F,B
"describer: seal with ball
",G,B
"describer: preacher
",C,B
"describer: rabbit ears lightning base
",E,A
"describer: indiana diamond
",H,B
"describer: skate
",I,A
"describer: dog with ball
",K,B
"describer: shadow lightning bolt
",L,D
"describer: skate
",I,A
"describer: rabbit ears
",E,A
"describer: diamond flat top state
",J,J
"describer: grad lectern
",D,J
"describer: sitting grad
",F,B
"describer: preacher
",C,A
"describer: spy
",A,B
"describer: seal
",G,H
"describer: mouse
",B,A
"describer: indiana diamond
",H,F
"describer: skate
",I,A
"describer: spy
",A,B
"describer: shadow lightning bolt
",L,C
"describer: seal
",G,H
"describer: indiana diamond
",H,F
"describer: flat top state diamond
",J,E
"describer: sitting grad
",F,B
"describer: preacher
",C,A
"describer: mouse
",B,A
"describer: grad lectern
",D,B
"describer: dog ball
describer: diamond on nose dog on hind legs
",K,A
"describer: rabbit ears
",E,A
"describer: indiana
",H,D
"describer: shadow lightning
",L,C
"describer: sitting grad
describer: grad
",F,B
"describer: dog and ball -
",K,B
"describer: seal
",G,H
"describer: flat top diamond
",J,A
"describer: skate
",I,A
"describer: rabbit ears
",E,A
"describer: grad lectern
",D,B
"describer: preacher
",C,A
"describer: mouse
",B,B
"describer: you did awesome!
describer: spy
",A,B
"matcher: hello! :-)
describer: ok, so a diamond for the head and a full body with the point towards the right?
describer: hello there
describer: this moight be tough, but i will try my best
matcher: okay so like if the picture had  'hands' they would be pointing to the right?
describer: point is at the bottom
describer: no hands
describer: almost looks like they are sitting
matcher: so the bottom part of the picture is pointing right and the rest of the body is straight?
describer: yes, i think
",H,B
"describer: awesome job
matcher: wohoo
describer: ok, diamond is on the left side. looks like two hands on the right one on top and the other lower. the body all the way to the left
",G,A
"describer: yes
describer: looks like he is standing on one leg
",I,B
"describer: straight out behind
describer: sorry
describer: standing on one leg. diamond on the back
describer: beak in the front
",A,K
"describer: sitting with leg out,  bent a bit
matcher: no arms out?
describer: no arms
",F,B
"describer: arms raised like a ghost
",C,C
"describer: diamond as head with point on top. almost a full rectangle as a body, but an indent on the bottom pointing in
describer: top as a point going out on the right side
",J,F
"describer: ha, these are hard to describe!
matcher: yah but you are doing good
describer: two triangles on top of a square for head
",E,J
"describer: thanks
describer: zig zag body diamond on top
describer: looks like an s
",L,K
"describer: looks like a priest in a robe
describer: hands pointing left
matcher: like he is standing? with feet and hands pointing left?
describer: yes
",D,A
"describer: square and triangle on top
describer: small triangle on the bottom left
matcher: does it look like someone kneeling with their arms stretched out?
describer: not really
describer: you can see a small triangle on the left hand side on the bottom of the figure
",B,A
"describer: looks like someone praying
describer: not the s shaped one
",K,A
"describer: someone sitting with their knees up
",F,A
"describer: standing on one foot with the other pointed out towards the right
",I,A
"describer: looks like a small mountain and a large one with a square and 2 triangles on top
",E,F
"matcher: howdy
",H,A
"matcher: hi
",B,A
"describer: hello there.  so, the image you'll want to select it looks almost like a person kneeling on the ground.
",B,B
"describer: this one is standing on one leg, with one leg out, almost like an elephant head.
describer: the head looks like an elephant that is.
",A,B
"matcher: got one!
describer: this one looks like it's laying in bed, with like half a blanket on them, the rest maybe cut by scissors.
describer: haha, yup!
describer: this is a very rough one to describe .
matcher: the one with a triangle on the back?
describer: i don't think so.  the head is right in the middle of it, if the entire shape was filled in, it'd look like they were in a bed.
matcher: count how many points are on it
matcher: 9?
describer: i think so - just go with your gut, this one is rough for me.
",J,F
"describer: ok, this is the tallest one kneeling down with their arms out it looks like.
",K,B
"describer: this one looks like a person flying.
",C,I
"describer: ok, not the kneeling one from last time, but the other one kneeling that's tall.
",L,A
"describer: the one that looks like the trix rabbit ears.  the one you thought it was when i gave that horrible bed description.
",E,C
"describer: ok, pretty much completely shapeless person.
matcher: the one with the diamond on top pointing up?
describer: yeah
",H,J
"describer: bah, i'm no good at this.
matcher: it's hard
describer: ok, so...this one is the other one with odd ears, not the previous.
describer: almost like a person laying back
describer: there's a square on one side, and an odd shape on the other side.
matcher: is the square pointing right and slightly to the bottom?
describer: angled downward.  it isn't the one that looks like the guy is standing up.
",G,F
"matcher: i should have went with my gut on that one
describer: haha, just do that from now on, this is rough.
describer: ok, so this pretty much looks like a guy sitting, his legs angled a little upward, his head looking down.
",F,B
"describer: balancing on one leg, one foot behind him like he's throwing a kick
matcher: the one with the two triangles pointing to the left?
describer: yup.
",I,B
"describer: ok, this looks like a person with their arms held out.  doesn't look like either of the kneelers that you selected before.  but, same general position.
describer: if that makes sense.
",D,A
"describer: ok, this is the one that looks the most like a kneeling person with their arms out.
",K,B
"describer: we'll get there eventually haha.
matcher: they're all so similar
describer: yup, it's no big deal - we'll get what we get.
describer: ok, so....this looks like the one you selected last time, except instead of kneeling, they're kinda talller.
",D,A
"describer: i'mma call that one dumbo from now on.
describer: the one you selected
matcher: nan
describer: this one is the one that looks like a person flying
",C,A
"describer: ok....this is the one i struggled to describe the last time haha
describer: uh.  there's a diamond for a head.  no other feature you can really make out.
",J,J
"matcher: did you see the one i clicked on?
matcher: we need to refer to that one as a car seat
describer: perfect.
describer: ok, this is the one that is leaning back on a triangle, the triangle is pointed downwards.
describer: it has two weird shaped ears.
",G,B
"describer: ok.  this one looks like they're kneeling with their arms out, the shape is almost a lightning bolt.
",L,B
"describer: ok that one is lightning bolt from now on
matcher: yep
describer: ok, now this guy looks like he's doing a karate kick.
describer: two triangles aiming to the left
matcher: the one with slanted square shape?
",I,A
"describer: ok that one is karate kid
describer: this one is car seat.
matcher: nan
",H,F
"describer: this one is dumbo
matcher: wait i forgot which was dumb let me think a sec
describer: looks like they're balanced on one leg, the other leg off the ground, a square to the right of their head
",A,A
"describer: ok.  so, their body looks kind of like a disconnected triangle, and they're kneeling.
describer: there is a triangle on the left, and a triangle on the right, that aren't connected.
",B,B
"matcher: that one looks like someone looking up to sky
describer: this looks like a person sitting down, their knees bent, laid back.
describer: ok, we'll call that one sky.  i think thats all the nicknames we shoudl use though, hard to remember them all haha
",F,C
"describer: the one with the trix rabbit ears looking down.
",E,A
"matcher: call him trix
describer: there ya go
describer: the one with their arms out that isn't kneeling.
",D,C
"describer: car seat
matcher: that one looks like a statue
matcher: lets call it statue
",H,B
"describer: the one you selected i think we said was lightning bolt
describer: this one is karate kid.
",I,B
"describer: trix
",E,I
"describer: god, i hate this one.  we're definitely nicknaming this one if you get it.
describer: it looks like a piece missing, and if you connected it, it'd look like the person was in a bed.  only their head you can really make out.
",J,F
"describer: ok, that one is bed .
matcher: nan
describer: this one is the one that looks the most like they're kneeling with their arms out.  the tallest.
",K,B
"describer: that one is lightning bolt
matcher: those two are hardest
describer: this is sky
",G,K
"matcher: rats
describer: the one that's laying back, knees up.
",F,F
"describer: ok, this is lightning bolt.
",L,A
"describer: the flying dude.
",C,A
"describer: the one you got wrong when i said guy glancing at the sky.
",B,F
"describer: dumbo
describer: pretty much the one with the weird head, balancing on one leg.
",A,A
"describer: car seat
matcher: yeah i forgot for a sec
",H,B
"describer: haha it's ok, if you're unsure, ill help jog the memory.
describer: dumbo again.
",A,B
"describer: trix
",E,I
"describer: flying dude
",C,C
"describer: the guy reclining with knees up
",F,B
"describer: ok, not lightning bolt, but the other one kneeling.
",K,B
"describer: lightning bolt
",L,A
"describer: the one you got wrong when i said sky glancer
describer: it looks like someone kneeling, their torso is like two triangles, not connected too tightly.
describer: the head balanced on the gap of the two triangles.
",B,B
"matcher: crap
describer: the one you just got wrong haha
",G,K
"matcher: nan
describer: no no, it was the opposite both times haha
matcher: it's been a long day
describer: haha it's ok, we're doing pretty good!
describer: karate kid
",I,A
"describer: ok, not lightning bolt, or the other dude, but the one with their hands out.
",D,C
"describer: bed
",J,F
"describer: lightning bolt
matcher: i feel like im going to need a psychologist after this
",L,K
"describer: haha, 'why were you referring to the ink blot as the trix rabbit?'
describer: karate kid this one
",I,A
"describer: not lighting bolt, but the other kneeling
",K,B
"describer: ok, the one that always gives us trouble.  sky glancer.
describer: he's leaning back on a triangle, with a square on the top left of his face.
",G,E
"describer: very good.
describer: flying dude.
",C,A
"describer: ok, the one we always get wrong when it comes to sky glancer.
describer: not sky glancer but the other fellow.
",B,B
"describer: dumbo
",A,F
"describer: car seat
",H,B
"describer: bed
",J,F
"describer: ok, not lighnting bolt or the other kneeling, but the other one with their hands out.
describer: same position just swapped, basically, not on their knees.
matcher: is that with the triangle on the back pointing the top left?
describer: doesn't look like anything on their back.
describer: you'd almost say they were standing if there weren't a triangle at the bottom of the image.
",D,C
"describer: bah, that ones probably gonna stumble us for the rest.  but, we have a good system!
matcher: i think we always get that one wrong
describer: this one is the dude laying back with his knees up
",F,F
"describer: trix
",E,I
"describer: karate kid
",I,A
"describer: ok, we get another shot at the one we always get wrong
describer: its in the same position as the two keneling with their arms outstretched
",D,B
"describer: there we go.
describer: bed.
",J,B
"describer: trix
",E,I
"describer: dumbo
",A,B
"describer: not lightning bolt, but kneeling down.
",K,B
"describer: lightning bolt
",L,A
"describer: guy with his knees up
",F,A
"describer: the one we always get wrong for sky glancer.
",B,C
"describer: on top of the two severed triangles
describer: bah, oh well.
describer: car seat.
matcher: i totally brain farted on that one
describer: haha it's ok.  i think we did really great, it was fun working with you!
",H,B
"matcher: yes you as well!
describer: flying dude.
",C,C
"describer: and, to close us out, they gotta give us sky glancer.
describer: dude leaning back on the triangle with the square on the top left.
describer: almost looks like he has a wizard hat on
matcher: he is like sitting on a triange pointing down?
describer: yeah
",G,B
"matcher: hi
describer: man standing on one foot while raising his arms
describer: with 'loose sleeves'
",A,A
"matcher: are you there?
describer: man standing holding a plate in front of him
",D,B
"describer: man kneeling down fully, facing right
",K,B
"describer: man kneeling down while raising both arms
describer: facing right
matcher: is one arm in front and one arm in back?
describer: yes
",B,C
"describer: man sitting down on ground, facing left
matcher: are his knees bent?
matcher: ??
",F,B
"matcher: is there a lag time?  it seems like a long time between when i select and you go on to the next one.
describer: weird one... looks like spread on floor and raising one arm
describer: kinda like wearing a dress
",G,B
"describer: man with knees half bent, holding a plate
",L,B
"describer: sitting down, almost facing camera
describer: like a legless man
",H,D
"describer: standing one on leg, other leg lifted and pointing back
describer: he is facing left
",I,A
"describer: raising arms in y shape, no legs
",C,A
"describer: like man standing up, no arms and legs visible
",J,A
"describer: bunny ears
",E,E
"describer: ok?
matcher: i didn't get a message..sorry
matcher: repeat please
describer: bunny ears
matcher: i selected it and it said it was correct.  i'll do it again.
",E,E
"describer: spreading arms in y
",C,C
"describer: kneeling holding plate, facing right
",K,B
"describer: only one with completely straight vertical line on left side
",J,D
"describer: sitting down facing left
matcher: knees bent?
describer: yes
",F,B
"describer: legless man
describer: sitting
describer: on ground
matcher: facing ?
describer: facing us almost
",H,B
"describer: the weird one
matcher: they're all weird :d
describer: woman in dress spread on floor
",G,F
"describer: kneeling down with arms raised to left and right
",B,A
"matcher: sorry
describer: standing with plate, facing left
",D,B
"describer: standing one one leg with head tilted back and to the right
matcher: arms out in front of him?
describer: yes
",A,A
"describer: knees half bent
matcher: sitting or standing?
describer: like he is about to kneel down
",L,B
"describer: standing one leg, other leg pointing to right
matcher: where are his arms?
matcher: or facing which direction?
describer: in front of him
",I,A
"describer: kneeling with arms spread to left and right
",B,A
"describer: kneeling down facing right
describer: holding plate in front
",K,B
"describer: weird woman in dress with elbow raised
describer: (elbow on right)
matcher: i'm not seeing it.  sorry...anything else?
matcher: wait
matcher: got it
",G,B
"matcher: crap!
matcher: i'm really sorry!
describer: standing on 1 leg both arms raised
",A,A
"describer: legless man
describer: sitting facing us
",H,B
"describer: straight line on left
",J,D
"describer: stand on 1 leg, other leg points to right
",I,A
"describer: standing facing left, holding plate
",D,B
"describer: sitting on ground, knees bent
",F,B
"describer: bunny ears
",E,E
"describer: knees half bent
matcher: standing or sitting
describer: facing right
",L,A
"describer: arms spread out in y shape
",C,C
"describer: stand on 1 leg, other leg pointing to right
",I,A
"describer: kneeling down arms spread to left and right
",B,B
"describer: stand on 1 leg, raising both arms
describer: head tilted back to right
",A,A
"describer: straight line on left
",J,A
"describer: standing holding plate, facing left
",D,A
"describer: legless man sits facing us
",H,B
"describer: weird woman in dress elbow raised
",G,A
"describer: kneeling facing right
describer: holding plate
",K,B
"describer: sitting on ground with knees bent
",F,B
"describer: knees half bent about to kneel
",L,B
"describer: arms in y shape
",C,C
"describer: bunny ears
",E,E
"describer: arms in y
",C,C
"describer: kneeling facing right
",K,B
"describer: about to kneel
",L,B
"describer: woman with elbow raised
",G,A
"describer: sitting knees bent
",F,B
"describer: legless
describer: facing us
",H,F
"describer: straight line on left
",J,A
"describer: kneel arms spread left and right
",B,B
"describer: stand 1 leg arms raised
",A,A
"describer: stand 1 leg
describer: other leg point to right
",I,C
"describer: standing facing left
describer: holding plate
",D,A
"describer: bunny ears
",E,E
"describer: stand 1 leg, other leg points right
",I,A
"describer: stand facing left
describer: holding plate
",D,F
"describer: woman with elbow raised
",G,A
"describer: straight line on left
",J,A
"describer: stand 1 leg, both arms raised
",A,A
"describer: kneel facing right
describer: holds plate
",K,B
"describer: y arms
",C,C
"describer: kneel arms spread
",B,B
"describer: sit knees bent
",F,B
"describer: about to kneel
",L,B
"describer: bunny
",E,A
"describer: legless sits facing us
describer: nice playing with ya!
matcher: same here!  thanks!
",H,F
"matcher: is there a triangle on it?
",C,Insufficient information
"matcher: are there triangles on it?
describer: kinda
describer: theres a triangle sticking out to the right
describer: looks like a person with their knees bent to the right
",L,B
"describer: looks like a person standing with something in their hands facing left
",D,A
"describer: triangles on left and right and a tilted box on top
describer: looks kinda like someone is kneeling
",B,B
"describer: this one kinda weird
describer: triangle on bottom and top right
describer: box on top like a head
describer: shaped like a 'J'
",G,D
"describer: diamond for a head
describer: pointed triangles sticking right
describer: looks like someone kneeling again
",K,B
"describer: not much sticking out, kinda looks like used tooth paste
",H,H
"describer: looks like a guy facing left with a leg sticking up
",A,A
"describer: resembles a bottle with a diamond shaped cap
describer: flat surface that the diamond is sitting on
",J,H
"describer: hmm has kinda a t shape
describer: with lots going on the left side
describer: 2 triangles and a diamond on top
",I,I
"describer: looks like a mountain side with a cube and 2 triangles on top
",E,F
"describer: looks like a person sitting down with legs slightly bent
describer: like leaned up against a wall
",F,B
"describer: 'J' shape again
",G,J
"describer: person kneeling with 2 diamonds on top
",K,F
"describer: weird t or y shape with triangles+diamond on left side
",I,K
"describer: looks like a man with both arms raised into the air
describer: leaning left
",C,C
"describer: mountain side with cube and triangles on top
",E,B
"describer: man holding an object facing left
",D,B
"describer: man with leg lifted in the air facing left
",A,A
"describer: used toothpaste again
",H,F
"describer: man on knees with triangles facing left and right
",B,A
"describer: bent legs facing right with triangle sticking out
",L,B
"describer: man sitting up against a wall
",F,B
"describer: diamond on top a table or head
",J,B
"describer: triangles facing left and right with diamond on top
",B,J
"describer: two diamonds on top and 2 triangle sticking right
",K,A
"describer: man holding an object to the left
",D,A
"describer: diamond on top head/table
",J,J
"describer: knees bent, triangle right, diamond top
",L,B
"describer: diamond on top two triangles facing left
",I,K
"describer: mountain side, diamond 2 triangles
",E,L
"describer: man with hands in the air
",C,C
"describer: man with a leg up
",A,A
"describer: 'J' shape
",G,J
"describer: man sitting against a wall
",F,B
"describer: used toothpaste
",H,F
"describer: diamond on top of 2 left triangles
",I,K
"describer: diamond on top head/table
",J,J
"describer: man with knees slighty bent
describer: triangle sticking out right
",L,B
"describer: 'J' shape
",G,J
"describer: man on knees arms sticking left and right
",B,B
"describer: used toothpaste
",H,F
"describer: man with arms in air
",C,C
"describer: man sitting against wall
",F,B
"describer: man on knees two diamonds on upper section
",K,B
"describer: mountainside with cube plus 2 triangles
",E,B
"describer: man with leg up
",A,A
"describer: man with object facing left
describer: *facing
",D,A
"describer: mountain side with cube plus 2 triangles
",E,F
"describer: diamond on top 2 left triangles
",I,K
"describer: man on knees, triangle arms facing both sides
",B,F
"describer: used toothpaste
",H,F
"describer: diamond on top head/table
",J,J
"describer: man with leg up
",A,A
"describer: man on knees with large triangle right
",K,B
"describer: 'J' shape
",G,J
"describer: man on knees with large triangle facing right
describer: same one you chose last time
matcher: with the flat bottom?
describer: yeah. it came up the choice before last
",L,B
"describer: man sitting against a wall
",F,B
"describer: man with arms up
",C,A
"describer: man with object facing left
",D,A
"describer: 'J' shape
",G,J
"describer: man with arms in the air
",C,C
"describer: man on knees, two triangles left, 1 right
",B,B
"describer: mountain side, cube + 2 triangles
",E,A
"describer: man with a leg up
",A,A
"describer: man with object facing left
",D,A
"describer: used toothpaste
",H,F
"describer: man on knees with 2 triangles on top
describer: *diamond sorry
",K,B
"describer: man sitting against a wall
",F,B
"describer: man with knees slightly bent
describer: flat bottom
",L,B
"describer: diamond on top 2 triangles facing left
",I,K
"describer: diamond on top head/table
",J,J
"describer: hi
matcher: hi
describer: the object looks like it is standing on one foot with the leg in the air backwards
",I,A
"describer: the object has a diamond on top and the left is a straight box with three points to the right
",J,A
"describer: the object has a diamond on top and the middle looks like a house
",H,J
"matcher: finally
describer: nan
describer: diamond on top the object is sitting down with feet to the left
",F,A
"describer: diamond on top straight part is on right side standing position with feet on ground facing left direction
",D,D
"describer: diamond on top both hands are outstretched in air
",C,C
"describer: object is sitting down like it's leaning back. the diamond is on left side with two triangles one in air the other on floor
",G,B
"describer: square and one triangle are leaning towards the right
describer: both objects are touching
",B,B
"describer: i have no idea how to explain this one . diamond is on top touching triangle
describer: and it sitting on top of another object
",K,K
"describer: two triangles are touching box
",E,F
"describer: diamond is touching triangle that looks like it is kneeling but the legs aren't all the way on the ground
",L,B
"describer: box is to the right of the object that is standing up on one food with the other foot in air
",A,B
"describer: same as last picture one foot in air
",A,A
"describer: one foot in air but not same as last picture
",I,A
"describer: object is kneeling down
",K,B
"matcher: i'll remember the 'kneeling' down picture next time you use that clue
describer: one box touching triangle to the right
",B,B
"describer: ok cool
describer: sitting down relaxing
describer: facing left
",F,L
"describer: both hands in air
",C,C
"describer: leaning back on right hand
",G,A
"describer: sitting down facing right
",E,B
"describer: diamond on top of triangle facing right
",H,K
"describer: left side is straight. one diamond on top of object
",J,J
"describer: object is kneeling down but choose the one you chose last time
",L,B
"describer: object has straight side on the right and diamond on top
",D,A
"describer: object is kneeling down don't choose the one you chose last time
",L,B
"describer: object is kneeling down. but don't choose the one you just chose
",K,B
"describer: straight side on left diamond on top
",J,D
"describer: foot kicked out to left side in air
",I,A
"describer: both hands in air
",C,C
"describer: sitting down facing the left
",F,B
"describer: leaning back on left hand sitting down
describer: i mean on right hand
",G,C
"describer: standing up one foot in the air facing the left
",A,A
"describer: sitting down facing right two triangles in square
",E,F
"describer: one diamond into triangle facing right
",H,G
"describer: looks like a pinwheel facing the right sitting on floor
",B,C
"describer: facing left looks like it's holding something in hand
",D,C
"describer: facing left with something in hands standing up
",D,A
"describer: sitting down leaning back on right hand. facing left
",G,D
"describer: both hands in air
",C,C
"describer: one foot in air facing left side
",A,B
"describer: choose the same one you just picked
",I,B
"describer: left side is straight diamond on top
",J,A
"describer: kneeling down facing right side
",L,B
"describer: diamond touching triangle looks like a pinwheel
",B,K
"describer: kneeling down facing the right side with legs on ground
matcher: is the bottom part a rhombus or some weird triangle shape
describer: weird shape
",K,B
"matcher: for that one next time, say weird shape kneeling and i'll know what you mean :)
describer: cool :)
describer: triangle touching house
describer: diamond touching house
",H,B
"describer: pinwheel at top the smaller pinwheel
",E,K
"describer: sitting down facing left
",F,B
"describer: facing left with right foot in air
matcher: are both arms outstretched?
describer: no
",A,B
"describer: both arms in air
",C,A
"describer: sitting down facing left
",F,B
"describer: large pinwheel
",B,G
"describer: diamond on top left straight side
",J,K
"describer: facing left with something in hands
",D,A
"describer: sitting down leaning back on right hand
",G,B
"describer: kneeling down weird shape
",K,B
"describer: kneeling down
",L,B
"describer: diamond on house
",H,J
"describer: foot in air something in hands
matcher: are the arms outstretched?
describer: yes
",I,C
"describer: small pinwheel
",E,J
"describer: one foot outstretched hands
",I,A
"describer: one foot no hands
",A,D
"describer: diamond on top straight side on right
",D,A
"describer: large pinwheel
",B,G
"describer: both hands in air
",C,C
"describer: kneeling
",L,B
"describer: sitting down facing left
",F,B
"describer: small pinwheel
",E,J
"describer: diamond on house
",H,J
"describer: facing left leaning back on right hand
describer: sitting
",G,B
"describer: diamond on top straight side on left
",J,A
"matcher: , we did it, nice working with you :d
describer: last one good job
describer: kneeling weird job
",K,B
"describer: diamond on a self
",J,J
"describer: man lying down
",F,B
"describer: woman in dress
",G,B
"describer: standing on one leg
",I,A
"describer: sitting with arms wide
",B,F
"describer: sitting bunny rabbit
",E,B
"describer: standing and pointing ,one way
",D,C
"describer: 'pick the last one you picked
matcher: i have already forgotten what the last one was, beyond standing and pointing and i was not right. the one kind of pointing up i think i chose?
describer: squatting and pointing one way
",L,F
"describer: pointed nose and kicking a rock
",A,A
"describer: kneeling and praying
",K,B
"describer: man with no arms and legs
",H,F
"describer: flying person
",C,C
"describer: bum sitting against the wall
",F,B
"describer: rabbit ears ,sitting
",E,E
"describer: squatting and pointing right
",L,A
"describer: diamond on a pedestal
",J,B
"describer: arms wide and kneeling
",B,B
"describer: flying again
",C,A
"describer: woman in dress dancing salsa
",G,B
"describer: standing and pointing left
",D,A
"describer: standing on one leg
",I,A
"describer: kneeling and praying
",K,B
"describer: no arm and no legs
",H,H
"describer: pointed nose and kicking rock
",A,A
"describer: diamond on a pedestal
",J,B
"describer: kneeling and praying
",K,A
"describer: woman in dress dancing salsa
",G,B
"describer: arms wide kneeling
",B,B
"describer: bunny rabbit again
",E,A
"describer: bum against the wall
",F,B
"describer: standing on one leg
",I,A
"describer: standing and pointing left
",D,A
"describer: pointed nose, kicking rock
",A,A
"describer: no arms and no legs
",H,H
"describer: squatting ,pointed right
",L,A
"describer: flying guy
",C,C
"describer: salsa woman
",G,B
"describer: kneeling and praying
",K,B
"describer: on one leg guy
",I,A
"describer: squatting pointed right
",L,B
"describer: bum against wall
",F,B
"describer: point nose, rock kicker
",A,A
"describer: arms wide
",B,B
"describer: rabbit ears
",E,A
"describer: rabbit ears
",D,A
"describer: flying
",C,C
"describer: no arms and no legs
",H,H
"describer: diamond on pedestal
",J,D
"describer: bum
",F,H
"describer: squatting pointed right
",L,B
"describer: salsa woman
",G,B
"describer: kneeling and praying
",K,B
"describer: arms wide
",B,B
"describer: standing pointed left
",D,A
"describer: diamond on pedestal
",J,B
"describer: no arms or legs
",H,G
"describer: rabbit ears
",E,A
"describer: on one leg
",I,A
"describer: pointed nose rock kicker
",A,C
"describer: flying
",C,C
"describer: kneel and pray
",K,B
"describer: diamond, pedestal
",J,J
"describer: standing, pointed left
",D,A
"describer: arms wide
",B,B
"describer: leg
",F,A
"describer: salsa woman
",G,B
"describer: one leg
",I,A
"describer: flying
",C,C
"describer: squatting ,pointed right
",L,C
"describer: pointed nose
",A,B
"describer: rabbit ears
",E,A
"describer: no arms or legs
",H,F
"describer: hi there
matcher: hey
matcher: what am i looking for here?
describer: click on the one that looks like a tail is pointing to the right
describer: and is standing
",I,C
"matcher: nice. we got it.
describer: nice
describer: this one looks like something standing with one foot kicking out to the left of the other leg
describer: the 'head' be tilted towards the top right corner
matcher: are both 'feet' pointed in the same direction?
describer: yes
",A,A
"describer: this one looks like something sitting int he bottom left corner and it has bunny ears
matcher: it's facing to the right?
describer: yes
",E,B
"describer: this one is kind of chunky and looks like someone kneeling
describer: the head is attached to another square similar to the head
matcher: with it's arms outstretched and facing to the right?
describer: the feet kind of look like they point up
describer: yes
",K,B
"describer: this is another kneeling but the arms are pointed to the left and it has another triangle awkwardly attached on the right side of the head
matcher: looks kind of like a mouse?
describer: yes good call
",B,E
"describer: this is a kneeling that is one block with no arms
describer: feet/knees pointing to the right
describer: kind of
",H,B
"describer: this one has it's arms wide open
matcher: like it's falling to the left?
describer: yes
",C,C
"describer: this one has its knees bent and arms out to the right
",L,B
"describer: this one is kind of like the rabbit but it is looking to the left and seems like it is reclining
matcher: does it have a triangle tail?
describer: yes
",G,B
"describer: this looks like someone standing and is kind of blocky
describer: looks like arms are out to the left
",D,A
"describer: this one has the head perfectly centered on a a square is body
describer: could be an upside down bird
",J,J
"describer: person laying/sitting with foot and leg out to the left
",F,B
"describer: arms spread out leaning left
",C,B
"describer: standing with arms to left very blocky
",D,A
"describer: bending knees arms to the right
",L,A
"describer: rabbit sitting down facing to the right
",E,B
"describer: person kneeling with up pointed feet and head connected to square
",K,B
"describer: blocky kneeling knees to right
",H,B
"describer: upside down bird
",J,E
"describer: person sitting with legs to the left
",F,E
"describer: the mouse looking one
",B,B
"describer: ugly bunny with triangle tail
",G,A
"describer: standing with one foot and leg lifted up pointing to the left
matcher: kicker. got it.
",A,A
"describer: kicker good word
matcher: thanks. ;d
describer: the one standing with the tail to the right
describer: let's call it the flyer
matcher: sounds good. nice name.
",I,C
"describer: the mouse
",B,A
"describer: sitting bunny looking to the right
",E,B
"describer: bent knees with arms to the right
",L,A
"describer: upside down bird
",J,E
"describer: arms spread wide
",C,A
"describer: the flyer
",I,A
"describer: ugly laying down bunny with triangle tail
describer: call it drunken bunny?
matcher: .
matcher: ugly bunny is fine.
",G,B
"describer: blocky kneeling knees to right
",H,B
"describer: the kicker
",A,A
"describer: blocky stander with arms to the left
describer: stander
",D,A
"describer: person sitting legs to the left
",F,B
"describer: kneeling with feet pointed up and arms right
describer: double square
",K,A
"describer: upside down bird
",J,E
"describer: person sitting legs to the left
",F,B
"describer: ugly bunny
",G,B
"describer: the mouse
",B,A
"describer: arms spread wide
",C,A
"describer: the kicker
",A,A
"describer: knees bent arms to the right
",L,B
"describer: sitting bunny
",E,B
"describer: blocky kneeling no arms knees point right
",H,B
"describer: kneeling feet pointed up arms right double square
matcher: feet up kneeling. got it.
",K,B
"describer: stander with arms to the left
",D,I
"describer: the flyer
",I,A
"describer: arms spread wide
",C,A
"describer: kneeling feet pointed up
",K,B
"describer: sitting bunny
",E,B
"describer: person sitting feet to the left
",F,A
"describer: the kicker
",A,A
"describer: bent knees arms to the right
",L,C
"describer: the flyer
",I,A
"describer: blocky kneeling knees pointing to the right
",H,B
"describer: upside down bird
",J,E
"describer: stander with arms pointing to the left
",D,I
"describer: the mouse
",B,A
"describer: ugly bunny
",G,B
"describer: bent knees arms to the right
",L,C
"describer: person sitting feet to the left
",F,A
"describer: the kicker
",A,A
"describer: ugly bunny
",G,B
"describer: arms spread wide
",C,B
"describer: the flyer
",I,A
"describer: stander with arms out to the left
",D,I
"describer: the mouse
",B,A
"matcher: final stretch, man.
matcher: good cooperating with ya!
describer: kneeling with toes pointed up. so close...good job to you too
",K,B
"describer: blocky kneeling knees pointed right
describer: no arms
",H,A
"describer: upside down bird
",J,E
"describer: sitting bunny
",E,B
"matcher: hi
describer: hello
matcher: let's make some money eh?
describer: ok
describer: the image kind of look like they are praying
matcher: that could be 3 of them, which way they face?
describer: they face to the right.
matcher: tail in the back or no tail?
describer: no tail
",L,L
"describer: ththe tail is really far out on this image
",G,C
"matcher: nice work, that was much quicker
describer: yes :)
describer: this time it's the one with the tail
",K,B
"describer: this figure looks like it's wearing a cape
matcher: does it look like it's facing out to me
describer: it's looks like a black ghost
describer: yes
",H,H
"describer: this is one is facing you and is pointing to the left
matcher: looks like it's holding a top hat to the left
describer: yes that one
",D,A
"describer: this one is facing you and it looks like it's standing on one leg
matcher: side kick?
describer: and it has its arms out
describer: yes
",I,B
"matcher: yeah, just call that one sidekick
describer: this is one looks like it is sitting down, and their head is looking down.
matcher: rabbit ears?
describer: yes
",E,B
"matcher: there's your name for that too
describer: there's a guy who is sitting down with his legs angle up in front of him
describer: he has a block head
",F,B
"describer: the figure is sitting down with their head up and triangle arms pointing out. they have a triangle hat.
describer: they're kind of looking up with a square head
describer: and their feet in front of them.
matcher: looks like a girl in a pony tail in a kimono facing left
describer: yes
",B,F
"describer: this one is facing you. they are pointing right. but there bottom is flat on the ground.
",J,B
"matcher: not sure what happened there...i clicked on one, and another lit up
describer: we'll get this one :)
describer: this one is doing a weird dance.
",A,C
"describer: this one looks like it's flying. it looks like it's coming off the page a bit. it's drawn at an angle
",C,C
"describer: this one is pointing to the left and it's bottom is flat on the ground
",D,D
"matcher: same thing just happened
matcher: like my selection box has a mind of its own
describer: it's okay. it's the one with the cape again.
describer: it's facing you
matcher: it's jagged on the right, correct, flat under the head
describer: it has no arms and looks like it's floating.
",H,D
"describer: it's the last one you chose
matcher: oops
describer: flat on the side and jagged on the right
",J,H
"describer: this one has a tail pointing up and arms pointing right. it looks like it's facing you.
",K,C
"describer: this is is praying with it's arms out and is sitting down with it's head titled up. has a triangle headwrap
",B,B
"describer: this guy is sitting down with his legs out and is looking up and facing the left.
",F,B
"describer: this one is flying and is drawn at an angle.
",C,C
"describer: this one is facing you and it' bending with it's arms facing the right.
",L,C
"describer: this one is doing a sidekick
",I,A
"describer: this one has a head that is about to fall off and looks like he is standing on one leg. his hands are pointing down
",A,B
"describer: this one has the bunny ears
",E,K
"describer: this one has the tail way out in front of them. the arm is pointing down
",G,A
"describer: head is about to fall off and is standing on one leg with their hand pointing down
",A,A
"describer: this one is facing you. it has no hands
",H,L
"describer: this one is pointing to the right. it does not have a tail.
",L,B
"describer: this one is flat on one side and rigid on the other.
",J,I
"describer: this one is praying with their arms to the left and a triangle headpiece
",B,C
"describer: this one has the bunny ears
",E,C
"describer: this one is pointing to the right and has a tail
",K,A
"describer: this one is on the ground facing the left and is looking up
",F,B
"describer: this one is drawn at an angle
",C,B
"describer: this one looks like it's holding a top hat
",D,A
"describer: one of the leg is all the way out and is bigger than the other
",G,B
"describer: the one doing the sidekick
",I,L
"matcher: good rhythm now
describer: rabbit ears
",E,C
"describer: the one facing you
",H,B
"describer: triangle headwrap
",B,E
"describer: sitting down with legs out, looking up, facing the left
",F,E
"describer: hi
matcher: hi
describer: the shape looks like someone is holding a tray, the tray is to their right.
",D,F
"describer: this shape has a straight angle looks like a square or rectangle on one side
describer: only one like it
",J,J
"describer: this shape is standing straight, both shoulders are at a downward slope, no arms outstretched
",H,A
"describer: this shape is holding a tray, tray is on my right. there are two similar figures this one does not look like a zig zag at the bottom.
",K,B
"matcher: got to be faster. i have 22 min left on this hit
describer: this figure is leaning towards my left. one foot is planted the other is up so the legs form an upside down 'left' shape.
",I,B
"describer: looks like someone has arms outstretched
",C,A
"matcher: that is angel
describer: holding tray on my right
describer: i'm doing the best i can
describer: zig zag shape
",L,B
"describer: figure kneeling arms out sleeves look like triangles
",B,B
"matcher: well done
describer: kicking leg up head looks like beak
",A,A
"describer: upper body at angle, leg on my left is resting on floor
matcher: last was back kick
describer: ok
matcher: more info needed
describer: leg on my left looks like shin is on floor
",G,B
"describer: resting against something on my right
describer: sitting
",F,B
"describer: sitting resting on my left
",E,B
"describer: kneeling with arms out
describer: repeat
",B,B
"matcher: sorry
matcher: sorry
describer: my left is straight angle like square, another one we did before
describer: before
describer: shoulder is 90 degree
",J,B
"describer: straight figure shoulders downwards angle
",H,D
"describer: leaning sitting on my right
",F,B
"describer: back kick
",I,A
"describer: holding tray on my left
",D,A
"describer: beak head
",A,A
"describer: angel
matcher: my bad
",C,I
"describer: tray on my right zig zag
",L,F
"describer: tray on my right not zig zag
describer: zag
",K,C
"describer: sitting leaning my left
",E,B
"describer: leg laying on floor
describer: shin down
",G,B
"describer: angel
",C,K
"describer: beak head
",A,A
"describer: zig zag
",L,A
"describer: not zig zag
describer: zag
",K,B
"describer: leaning on my right
",F,B
"describer: leaning on left
",E,A
"describer: back kick
",I,A
"describer: tray on my left
",D,F
"describer: shoulders down
",H,A
"describer: left side straight angle
",J,A
"describer: shin down
",G,A
"describer: kneeling arms out
",B,B
"describer: left straight angle
",J,A
"describer: angel
",C,K
"describer: left tray
",D,A
"describer: shin down
",G,A
"describer: zig zag
",L,A
"describer: beak head
",A,A
"describer: back kick
",I,A
"describer: leaning right
",F,C
"describer: leaning left
",E,B
"describer: not zig zag
",K,B
"matcher: fuck
describer: arms out kneeling
",B,B
"describer: shoulders down
",H,A
"describer: leaning left
",E,B
"describer: back kick
",I,A
"describer: not zig zag
",K,B
"describer: shoulders down
",H,E
"describer: left tray
",D,A
"describer: beak
",A,H
"describer: shin down
",G,A
"describer: leaning right
",F,B
"describer: zig zag
",L,A
"describer: kneeling
describer: arms out
",B,A
"describer: left straight angle
",J,A
"describer: angel
",C,K
"describer: kneeling
",B,B
"describer: left straight
matcher: i suck
",J,A
"describer: no worries
describer: beak
",A,A
"describer: angel
",C,K
"describer: zig zag
",L,A
"describer: tray left
",D,C
"describer: leaning left
",E,B
"describer: shin down
",G,A
"describer: shoulders down
",H,F
"describer: back kick
",I,A
"describer: leaning right
",F,C
"describer: not zig zag
",K,B
"describer: it looks like a person holding up two arms
",C,B
"describer: this one looks squared off with a square at the top
",J,J
"describer: it is wider at the bottom and looks like a square tipping of a cliff and a triangle hanging off
",B,B
"describer: it looks like a person kneeling on one knee to propose
",G,B
"describer: it looks like someone kneeling
",H,B
"matcher: hey, why don't we name them
describer: ok
describer: this one looks like it's begging for money
describer: how would we go about naming them
describer: *how
matcher: i think maybe describe each one's position fully once and name it like 'beggar' or 'bunny ears'
matcher: then each round we could go pretty quick
describer: we can try that
matcher: okay! i see: one that looks like one foot standing on the ground and one foot kicking back, that could be 'kick back'
matcher: one looks like sitting leaning against a wall looking down, that could be 'sad man'
matcher: one with two arms up could be 'arms up'
matcher: one sitting against a wall with triangles on the head can be 'bunny ears'
matcher: one kind of looks like a bundled baby to me? like a blob with the head on top, i think you said it was kneeling
describer: oh yeah i see that now too.
matcher: one standing with one foot on the ground and one kicking out in front could be 'front kick'
describer: ok
matcher: one kneeling that looks like it is looking at its hands with a triangle at its back like a hood? facing right - that could be 'praying monk'
describer: ok i think i know which one you mean
matcher: cool
matcher: one standing facing left with hands out could be the beggar
matcher: one is sort of crouching, not kneeling all the way, facing right with hands out, can be 'crouching'
describer: he is the one we need this round
matcher: okay i'll click him now
",L,G
"matcher: nice
describer: bunny ears is next
",E,C
"describer: now kick back
",I,B
"describer: sad man
",F,A
"describer: this is one that looks like he is begging but we didn't name him yet facing to the right
matcher: kneeling?
describer: yeah
",K,A
"matcher: that last one can be kneeling beggar
describer: ok
describer: beggar
",D,H
"describer: front kick
",A,A
"describer: beggar again
",D,B
"describer: praying monk
",B,B
"describer: baby
",H,A
"describer: we didn't name this one but it's squared of on the left and has a diamond on top
",J,E
"matcher: that can be diamond top
describer: k
describer: sad man
",F,K
"describer: crouching
",L,A
"describer: bunny ears
",E,E
"describer: kneeling beggar
",K,B
"describer: front kick
",A,A
"describer: arms up
",C,A
"describer: this is the last one we didn't name
describer: kinda looks like he is on one knee
matcher: with arms out front and head back?
describer: yeah
",G,B
"matcher: that one can be arms out
describer: k
describer: kick back
",I,K
"describer: diamond top
",J,J
"describer: kick back
",I,A
"describer: praying monk
",B,B
"describer: kneeling beggar
",K,B
"describer: kick front
",A,A
"describer: arms out
",G,C
"describer: bunny ears
",E,E
"describer: crouching
",L,A
"describer: beggar
",D,B
"describer: arms up
",C,C
"describer: sad man
",F,B
"describer: baby
",H,A
"describer: kick back
",I,A
"describer: crouching
",L,B
"describer: beggar
",D,A
"describer: bunny ears
",E,E
"describer: arms up
",C,A
"describer: front kick
",A,A
"describer: praying monk
",B,B
"describer: diamond top
",J,K
"describer: kneeling beggar
",K,B
"describer: arms out
",G,C
"describer: sad man
",F,A
"describer: baby
",H,A
"describer: crouching
",L,A
"describer: diamond top
",J,J
"describer: kick back
",I,A
"describer: baby
",H,A
"describer: front kick
",A,A
"describer: beggar
",D,A
"describer: arms up
",C,A
"describer: arms out
",G,C
"describer: bunny ears
",E,E
"describer: sad man
",F,A
"describer: kneeling beggar
",K,B
"describer: praying monk
",B,B
"describer: diamond top
",J,J
"describer: bunny ears
",E,E
"describer: beggar
",D,A
"describer: baby
",H,A
"describer: kneeling
describer: beggar
describer: sorry
",K,B
"matcher: :)
describer: arms out
",G,A
"describer: arms up
",C,A
"describer: praying monk
",B,B
"describer: sad man
",F,A
"describer: front kick
",A,A
"describer: crouching
",L,A
"matcher: last one! :)
describer: kick back :-)
",I,H
"matcher: hello
describer: squatting and facing right
",L,B
"describer: a bunny rabbit with triangle ears
",E,A
"describer: a priest facing left holding a tablet
",D,A
"describer: sitting facing left with knees up
",F,B
"describer: standing on one foot, facing left, raised leg extended
",I,A
"describer: sitting on knees (japanese style), facing right -but not squatting - you don't see the lower legs or any arms
",H,B
"describer: sort of like an angel kneeling, facing right, with a triangle in her teeth
",B,F
"describer: a ghost flying to the left with arms outstretched
",C,C
"describer: kneeling, facing right, back very straight, holding a book or tablet
describer: book, not book
describer: you can ask questions, too
",K,C
"describer: head on a pedestal - straight left side, sculpted right side
matcher: there's so many rounds, i'm just going to go for what looks closest.
describer: ok
",J,B
"describer: shovelling show, facing left
",G,B
"describer: a bear walking to the left, but looking behind him (one leg raised toward the left)
",A,A
"describer: the same as last time - bear
matcher: so i know bear and ghost (flying)) if that helps
",A,A
"describer: yoga - standing on one foot, facing left, raised leg extended
",I,A
"matcher: okay so that's yoga
describer: sitting, facing left, knees bent
",F,B
"describer: 'kneeling presenter' - kneeling, facing right, way down on knees, head up, holding a tablet or something
describer: tablet, not table
",K,B
"describer: angel -  sort of like an angel kneeling, facing right, with a triangle in her teeth
",B,E
"describer: bunny - with triangle ears
",E,A
"describer: ghost
",C,H
"describer: japanese - sitting, facing sort of forward/right, no arms, no lower legs
",H,F
"describer: i called this shovelling snow last time - faces right, arm like they're pushing a shovel - sort of behind them, with a bunch of stuff lower right
describer: i mean lower left...
",G,B
"describer: priest - a priest, facing left, wearing robes, presenting a tablet or something
",D,A
"describer: squatting - squatting, facing right, presenting a tablet
",L,A
"describer: head on a pedestal - straight left side, angled right side - no arms
",J,A
"matcher: call that vampire, i'll get it
describer: priest - a priest, facing left, wearing robes, presenting a tablet or something
describer: no - squatting!!!!
describer: squatting - squatting, facing right, presenting a tablet
",L,B
"describer: bunny - sorry about that last one
matcher: its okay
",E,A
"describer: 'kneeling presenter' - kneeling, facing right, way down on knees, head up, holding a tablet or something
",K,L
"describer: head on a pedestal - straight left side, angled right side - no arms
",J,A
"matcher: just call that vampire
describer: yoga - standing on one foot, facing left, raised leg extended
",I,C
"describer: angel -  sort of like an angel kneeling, facing right, with a triangle in her teeth
",B,B
"describer: ghost
",C,H
"describer: priest - a priest, facing left, wearing robes, presenting a tablet or something
",D,B
"describer: japanese - sitting, facing sort of forward/right, no arms, no lower legs
",H,B
"describer: bear
",A,B
"describer: sitting, legs bent, facing left
",F,B
"describer: shovelling snow
",G,B
"describer: yoga
",I,F
"describer: shovelling snow
",G,B
"describer: bunny
",E,A
"describer: sitting, legs bent, facing left
",F,E
"describer: bear
",A,B
"describer: japanese - sitting, facing sort of forward/right, no arms, no lower legs
",H,F
"describer: 'kneeling presenter' - kneeling, facing right, way down on knees, head up, holding a tablet or something
",K,B
"describer: head on a pedestal - straight left side, angled right side - no arms
",J,A
"describer: angel
",B,K
"describer: squatting - squatting, facing right, presenting a tablet
",L,C
"describer: priest - a priest, facing left, wearing robes, presenting a tablet or something
",D,B
"describer: ghost
",C,H
"describer: yoga
",I,F
"describer: bear
",A,B
"describer: japanese - sitting, facing sort of forward/right, no arms, no lower legs
",H,F
"describer: head on a pedestal - straight left side, angled right side - no arms
",J,A
"describer: angel
",B,K
"describer: priest - a priest, facing left, wearing robes, presenting a tablet or something
",D,B
"describer: sitting, legs bent, facing left
",F,B
"describer: squatting - squatting, facing right, presenting a tablet
",L,A
"describer: shovelling snow
",G,B
"describer: ghost
",C,H
"describer: 'kneeling presenter' - kneeling, facing right, way down on knees, head up, holding a tablet or something
",K,B
"describer: bunny
",E,A
"describer: ghost
",C,H
"describer: bear
",A,B
"describer: sitting, legs bent, facing left
",F,B
"describer: 'kneeling presenter' - kneeling, facing right, way down on knees, head up, holding a tablet or something
",K,B
"describer: angel
",B,K
"describer: squatting - squatting, facing right, presenting a tablet
",L,A
"describer: head on a pedestal
",J,B
"describer: priest - a priest, facing left, wearing robes, presenting a tablet or something
",D,B
"describer: yoga
",I,B
"describer: bunny
",E,A
"describer: japanese
",H,E
"describer: shovelling snow - thanks! you're the best!
matcher: good work :)
",G,B
"describer: cayman facing right with diamond on his head.
",K,C
"describer: facing left with leg raised in front of himself.
",A,A
"matcher: hello
",E,Cannot answer yet.
"matcher: any clues?
",L,A
"matcher: hello?
",J,I need more information.
"matcher: some help would be great!
",G,B
"matcher: what does it look like?
",D,A
"matcher: any information you'd like to share?
",C,A
"matcher: what does the shape look like?
",B,B
"matcher: is is the person that appears to be kneeling in prayer?
",A,B
"matcher: let's try to do well
",K,A
"matcher: hello?
",F,Cannot determine yet.
"matcher: hello?
",H,I need more information.
"matcher: hello?
",I,I need more information.
"matcher: hello?
",L,I need more information.
"matcher: right you there?
",B,I need more information.
"matcher: i really want to do well
",C,A
"matcher: please participate
",H,I am waiting for the describer's message.
"matcher: please participate
",A,No guess yet. Waiting for describer's message.
"matcher: please participate
",J,Please provide the describer's message.
"matcher: hi
matcher: ready when you are
matcher: been waiting for 20 minutes now...
matcher: now waiting 25 minutes, no one else here
matcher: will wait 5 more minutes then submit with my id, thank you
matcher: ok over 30 minutes now
matcher: i tried to submit with my mturk id but that wont work
",L,A
"describer: pick the one that looks like a person on one leg
",I,A
"describer: pick the one that has a diamond on top and a square-type shape on the left
",D,B
"describer: the one that is sitting down, diamond head
",F,B
"describer: the one that has a square in the top right, looks like its balancing on one foot
",A,K
"describer: the one that has a diamond at top, and big blob, and points in the bottom right
",H,L
"describer: a diamond on top, a straight line on the left
",J,J
"describer: square on top left, 2 points on the right
",G,A
"describer: the one that looks like it has bunny ears
",E,K
"describer: a person who has both arms in the air
",C,A
"describer: a person squatting with his hand out
describer: on the right
",L,B
"describer: 2 diamonds, 3 triangles,
describer: 2 triangles point right
",K,E
"describer: a square on top, a triangle to the bottom right of it, a blob on the bottom
",B,F
"describer: a standing person with a diamond head and his arm out
describer: hand outward to our left
",D,C
"describer: one square, one triangle facing upper left, one triangle facing down
",G,K
"describer: a diamond on top, straight line on left
",J,A
"describer: this one looks like a figure skater with both arms pointing to our left
describer: standing on one leg
",I,F
"describer: this looks like a person squatting down, so 2 points on the right, looks like a bent knee
",L,B
"describer: person with both arms out in the air
",C,A
"describer: looks like a dinosaur with a flag
describer: on one foot
describer: square upper right
",A,K
"describer: bunny ears
",E,E
"describer: diamond on top, blob, looks like a persons body if theyre sitting down
describer: 2 vertical lines
describer: goes to the right at the bottom
",H,B
"describer: looks like a diamond on top, diamond beneath it, 2 points on the right
describer: looks like 2 diamonds and 3 triangles overlapping
",K,F
"describer: square on top, triangle touching it to the bottom right of it
describer: blob
",B,B
"describer: looks like a person sitting on the floor looking down
describer: bent knee
",F,B
"matcher: my bad on that one
describer: triangle, blob that looks like a person
describer: like a portrait
describer: goes to the right at the bottom
",H,A
"describer: this looks like a person sitting down on a chair
describer: triangle points right
describer: knees bent to the right
",L,B
"describer: bunny ears
",E,E
"describer: diamond on top, straight line on left
",J,A
"describer: person sat on the floor, looking down, knees bent, knee faces up
",F,F
"describer: the square on the top tilts right, triangle touches it to the right
describer: blob on bottom
",B,B
"describer: square tilts left, one triangle points to it, one triangle points to the bottom
describer: flat bottom
",G,B
"describer: person with hands in the air
",C,A
"describer: diamond head, person standing, their arm out to the left
describer: square under arm
",D,B
"describer: figure skater, both arms to the left
describer: one leg
",I,A
"describer: 2 diamonds on top of each other, 3 triangles overlap
",K,K
"describer: dinosaur with a flag. square upper right.  one leg
",A,B
"describer: looks like a person standing, diamond head, left arm
",D,B
"matcher: that one makes me think of a magician holding a top hat
describer: square tilts right, triangle on right touches it, blob on bottom
describer: oh yeah it does
",B,B
"describer: person squatting down onto chair, arm out on right
describer: knee bent towards right
matcher: triangle out of back or no?
describer: no
",L,B
"describer: dinosaur with flag on one leg
",A,A
"describer: square upper left tilts left
describer: bottom right triangle faces down
describer: flat on bottom left
",G,B
"describer: the figure skater, one leg, 2 arms on left
",I,A
"describer: bunny ears
",E,E
"describer: diamond on top, straight line on left
",J,A
"describer: this is the one that i think looks like a person posing for portrait.  diamond on top, goes to the right at the bottom
",H,B
"describer: 2 diamonds stacked, 3 triangles, overlapping
",K,F
"describer: person with both arms in air
",C,I
"describer: person sitting on the ground looking down
describer: knee bent towards ceiling
",F,B
"describer: the magician with/ top hat
",D,A
"describer: bunny ears
",E,E
"describer: square tilts left, 2 triangles, flat on bottom left
",G,B
"describer: diamond on top, straight line on left
",J,A
"describer: portrait person, diamond on top, goes to the right at the bottom
",H,A
"describer: person with both arms waving in air
",C,C
"describer: square tilts right, 2 triangles point towards it
describer: triangle in bottom left corner
",B,B
"describer: person sat on ground looking down knee bent towards ceiling
",F,B
"describer: person squatting down, arm and knee point right
matcher: diamond on back?
describer: no
",L,B
"describer: dinosaur with flag, one leg, square top right
",A,A
"describer: 2 diamonds stacked, 3 triangles overlap
",K,G
"describer: figure skater, 2 arms left, standing on one leg
",I,A
"describer: portrait person, diamond on top, goes to right at bottom
",H,B
"describer: diamond on top, straight line on left
",J,A
"describer: 2 diamonds stacked, 3 triangles overlap
",K,G
"describer: person squatting down, arm and knee to the right, straight back
",L,B
"describer: person sat on ground, head down, knee bent towards ceiling
",F,B
"describer: person with both arms in the air
",C,A
"describer: dinosaur with flag, one leg, square upper right
",A,A
"describer: square tilts left, 2 triangles on right, flat on bottom left
",G,B
"describer: square tilts right, 2 triangles point towards it, triangle on the bottom left
",B,E
"describer: figure skater, 2 arms left, on one leg
",I,A
"describer: bunny ears
",E,E
"describer: the magician
",D,B
"matcher: hi
describer: looks sad with his head down kicking rocks
describer: hello :)
",A,B
"describer: standing straight and sideways facing east
describer: east
",J,B
"describer: woman kneeling and praying
",K,B
"describer: dancing a high energy dance kneeling with her arms in the air
",G,B
"describer: man who has an arrow like bottom facing east
describer: has not as
",L,F
"describer: the last one you just picked
",I,L
"describer: a person standing straight is with a triangle facing east maybe kneeling
matcher: is the head shaped like a diamond in the middle of a horizontal line?
describer: yes the head is a diamond sitting on a triangle look ghostly
describer: ghostly
",H,K
"describer: woman praying in front of a mountain
",B,B
"describer: looks like a man falling backwards diamond head arms sprawled out
",C,B
"describer: a woman with big bow like thing on her head sitting
",E,A
"describer: person standing straight facing west
describer: with arms out
",D,A
"describer: man sitting facing west
",F,B
"describer: woman praying by the mountain
",B,B
"describer: woman with the bow
",E,E
"describer: lady with diamond head arms facing east kneeling sort of
describer: one i said was dancing last time
",G,B
"describer: falling guy again diamond head
",C,A
"describer: the diamond head person who looks like they are squatting one i called arrow bottom
",L,B
"describer: dude that looks like doing yoga with legs in an upside left position
describer: diamond head arms facing west
",I,C
"describer: sad guy
",A,B
"describer: kneeling lady one you picked the last time as the squatting
describer: arms facing east
",K,C
"describer: guy that is sitting facing west
",F,A
"describer: man whose standing straight arms facing west
",D,I
"describer: the diamond head blob one, the diamond is sitting on top of a triangle, which is on top of square, then a tail is shape
",H,K
"matcher: that looked like a crooked tie
describer: there ya go good name for that sorry couldnt explain it
describer: man facing east standing straight
",J,A
"describer: one i said was squatting diamond head arms facing east
",L,B
"describer: sad guy
",A,B
"describer: falling guy
",C,A
"describer: woman with bow
",E,B
"describer: man straight arms are west
",D,A
"describer: lady with diamond head, arms west, in a crouch like position called her dancing before
",G,B
"describer: woman kneeling arms east
describer: diamond head
",K,A
"describer: crooked tie
",H,D
"describer: straight man facing east
",J,D
"describer: sitting guy
",F,B
"describer: guy doing yoga
",I,B
"describer: praying mountain
",B,A
"describer: sad guy
",A,B
"describer: man who is arms facing east diamond head kneeling/squatting straight back
",L,B
"matcher: my bad
describer: sorry bow lady
",E,B
"describer: sitting guy
",F,B
"describer: crooked tie
",H,D
"describer: falling guy
",C,A
"describer: straight arms west
",D,A
"describer: woman praying at the mountain
",B,F
"describer: yoga guy
",I,B
"describer: last lady you picked as praying
describer: i keep calling her the dancing one
describer: keep
describer: diamond head
describer: arms east
describer: triangle between the legs
",G,B
"describer: straight facing east
",J,D
"describer: diamond head arms east, praying or accepting gifts or something
",K,B
"describer: falling guy
",C,B
"describer: one we keep getting wrong dancing lady
describer: triangle in the legs white one
",G,A
"describer: sitting guy
matcher: triangle in the legs threw me
",F,B
"describer: i suck at this , crooked tie
",H,A
"describer: lady praying mountain
",B,B
"describer: bow
matcher: just need to say triangle leg from now on
",E,B
"describer: sad guy
",A,B
"describer: straight facing east
",J,D
"describer: yoga
describer: yoga
",I,B
"describer: arms east triangle head, straight is back, look like a road arrow on his legs
",L,F
"matcher: i got that guy as squatting
describer: straight west
",D,E
"describer: okay gotcha
describer: woman getting gifts
",K,B
"describer: dude straight facing east
",J,B
"describer: gift lady
",K,F
"describer: yoga
",I,F
"describer: sad
",A,B
"describer: falling
",C,B
"describer: mountain praying
",B,A
"describer: sitting guy
",F,B
"describer: triangle leg
",G,D
"describer: bow
",E,B
"describer: squatting
",L,B
"describer: facing east
",D,B
"describer: sorry crooked tie
",H,B
"describer: ghost like
describer: hands up
matcher: is it leaning?
describer: yes
",C,A
"describer: sitting down with one leg forward
describer: leg is on the left side
matcher: foot visible?
describer: yes. back is parallel to the right side of the box
",F,B
"describer: looks like praying
describer: arm on the right side of the box
matcher: legs standing knees bent?
describer: yes
",L,F
"describer: head is on lest side and two hands in the air
describer: kind of a horse
describer: with two legs in air
",G,A
"describer: head is a square attached to a triangle
",B,B
"describer: kind of praying but one leg pointing up
describer: square head
",K,A
"describer: a hat thats point is pointing left
matcher: right angle triangle on ground?
describer: no
describer: square head
describer: back is straight
describer: not sitting down
",D,A
"describer: falling down
",I,B
"describer: sitting down looking down square head
",E,A
"describer: head tipping off horse like
describer: off
describer: one leg in the air
matcher: repeat?
matcher: facing left or right?
matcher: hello?
",A,A
"matcher: hello
",J,Cannot answer yet.
"matcher: is it one that looks like a seated woman back to the left, bow in hair?
",H,F
"matcher: any help would be appreciated.
",K,D
"describer: triangle head
describer: one shoulder pointing towards right
matcher: body shape?
describer: one triangle leg
describer: both on right side
",J,B
"describer: very plain figure
matcher: solid straight up?
",H,J
"describer: hat pointing left
describer: it was previously there
describer: triangle head
matcher: one arm to left?
describer: yes
",D,A
"describer: head with triangle attached
",B,A
"describer: praying with bent legs
",L,B
"describer: one leg in the air
describer: two arms on left
describer: exercise position
",I,A
"describer: sitting
describer: one leg on left
describer: back on right
",F,B
"describer: horse like
",G,A
"describer: flower head
",E,F
"describer: ghost
describer: flying
",C,C
"describer: head tipping off
describer: one leg in air left side
",A,A
"describer: exercise
",I,A
"describer: head with triangle attached
",B,K
"describer: ghost
",C,H
"describer: pray
",L,B
"describer: pray with one leg folded
",K,A
"describer: flower head
",E,F
"describer: very plain
describer: plain
",H,B
"describer: sitting
describer: sitting
",F,B
"describer: hat
describer: left
",D,A
"describer: shoulder and leg on right side
",J,C
"describer: head tipping right
describer: gorilla
",A,B
"describer: one leg in air lest horse
describer: horse
describer: horse
",G,A
"describer: plain with two triangles
describer: right side
describer: shoulder on right side
describer: pointing out
",J,C
"describer: flower
",E,F
"describer: praying bent leg
describer: left side
",K,B
"describer: horse
",G,A
"describer: head with triangle
",B,J
"describer: ghost
",C,H
"describer: gorilla
",A,A
"describer: exercise
",I,A
"describer: plain
",H,B
"describer: hat
",D,B
"describer: sitting
",F,B
"describer: sit praying
describer: bent
",L,B
"describer: sitting
",F,B
"describer: praying with bent
describer: legs
matcher: no leg left side?
describer: yes
",L,B
"describer: horse
",G,A
"describer: hat
",D,D
"describer: plane
",H,A
"describer: shoulder
",J,B
"describer: ghost
",C,H
"describer: gorilla
",A,A
"describer: flower
",E,F
"describer: praying leg left
",K,A
